-- phpMyAdmin SQL Dump
-- version 5.2.0
-- https://www.phpmyadmin.net/
--
-- Host: 127.0.0.1
-- Generation Time: Jun 07, 2023 at 07:12 AM
-- Server version: 10.4.27-MariaDB
-- PHP Version: 8.2.0

SET SQL_MODE = "NO_AUTO_VALUE_ON_ZERO";
START TRANSACTION;
SET time_zone = "+00:00";


/*!40101 SET @OLD_CHARACTER_SET_CLIENT=@@CHARACTER_SET_CLIENT */;
/*!40101 SET @OLD_CHARACTER_SET_RESULTS=@@CHARACTER_SET_RESULTS */;
/*!40101 SET @OLD_COLLATION_CONNECTION=@@COLLATION_CONNECTION */;
/*!40101 SET NAMES utf8mb4 */;

--
-- Database: `stock`
--

-- --------------------------------------------------------

--
-- Table structure for table `issue`
--

CREATE TABLE `issue` (
  `ReferenceNo` int(10) NOT NULL,
  `Code` varchar(10) NOT NULL,
  `ProductName` varchar(100) NOT NULL,
  `NoOfItems` int(10) NOT NULL,
  `Requisitioner` varchar(50) NOT NULL,
  `Designation` varchar(50) NOT NULL,
  `Department` varchar(80) NOT NULL,
  `Unit` varchar(20) NOT NULL,
  `ReceivedBy` varchar(50) NOT NULL,
  `IssuedBy` int(20) NOT NULL,
  `Date` date NOT NULL
) ENGINE=InnoDB DEFAULT CHARSET=utf8mb4 COLLATE=utf8mb4_general_ci;

--
-- Dumping data for table `issue`
--

INSERT INTO `issue` (`ReferenceNo`, `Code`, `ProductName`, `NoOfItems`, `Requisitioner`, `Designation`, `Department`, `Unit`, `ReceivedBy`, `IssuedBy`, `Date`) VALUES
(6339, 'NW001', 'HDMI to HDMI Cable - 05m', 1, 'RAM CHANDRA NAYAK', 'MANAGER(MIN)', 'L AND R', '4740', 'Ram chandra nayak', 95001601, '2023-01-20'),
(6340, 'PR007', 'EPSON 005 Black 1170/3170', 1, 'shriniwash singh', 'Manager(Min)', 'Coal Dispatch nSection', '4732', 'Chandan Kumar Sahoo', 95001601, '2023-01-20'),
(6341, 'HC005', 'HP Desktop ', 1, 'Shriniwash Singh', 'Manager(mining)', 'Coal Dispatch Section ', '4732', 'Chandan Kumar Sahoo', 95001601, '2023-01-20'),
(6342, 'PR001', 'Brother Printer Cartridge B021/B2080W', 1, 'NNC Behera', 'CHIEF MGR', 'E&M', '4740', 'NNC Behera', 95001601, '2023-01-24'),
(6343, 'PR001', 'Brother Printer Cartridge B021/B2080W', 1, 'SK Sahoo', 'Manager', 'Legal', '4740', 'Anandagouri Pradhan', 95001601, '2023-01-24'),
(6344, 'SY002', 'Maintainance Box (Epson)', 1, 'K.V. Moorthy', 'Special grade A', 'Finance', '4749', 'K. V. Moorthy', 11111111, '2023-01-28'),
(6345, 'PR001', 'Brother Printer Cartridge B021/B2080W', 1, 'NARESH MIRIYALA', 'MANAGER', 'PERSONNEL', '4740', 'MINAKHI SAHOO', 11111111, '2023-01-28'),
(6346, 'PR007', 'EPSON 005 Black 1170/3170', 1, 'A. Rajsekher Ready', 'Asst. Manager', 'Finance', '4740', 'Sumitra Pradhan', 11111111, '2023-01-28'),
(6347, 'PR007', 'EPSON 005 Black 1170/3170', 1, 'MANAS NAYAK', 'DY. Manager', 'CSB', '4740', 'NAROTTAM PRADHAN', 11111111, '2023-01-29'),
(6348, 'PR001', 'Brother Printer Cartridge B021/B2080W', 1, 'DR. DP SINGH', 'CMO', 'CPRMS CELL', '4749', 'DEBABRATA ACHARYA, SR. PHARMASIST', 11111111, '2023-01-30'),
(6349, 'PR001', 'Brother Printer Cartridge B021/B2080W', 1, 'Sri U pattnaik', 'Project Officer ', 'PO Secretariat', '4733', 'Khirod Chandra Swain', 11111111, '2023-01-30'),
(6350, 'SY003', 'Small UPS Battery ', 1, 'Sri U pattnaik', 'Project Officer ', 'PO Secretariat', '4733', 'Khirod Chandra Swain', 11111111, '2023-01-30'),
(6351, 'PR001', 'Brother Printer Cartridge B021/B2080W', 1, 'ANIL KU. SAHU', 'DY. MANAGER', 'CMPF', '4733', 'HARAMOHAN BEHERA (O.S.)', 11111111, '2023-01-31'),
(6352, 'HC005', 'HP Desktop ', 1, 'G. HARIPRASAD', 'STAFF OFFICER', 'MM, (CPU-1N1231068K & MON- 3CM2232QH9', '4749', 'S N SHARMA, (CH. PHARMASIST)', 11111111, '2023-01-31'),
(6353, 'HC005', 'HP Desktop ', 1, 'HC DAS', 'MANAGER', 'EXCVATION (CPU -1N1231064B &MON - 3CM2230PH5)', '4734', 'NIRDESH PRADHAN ,CAT - 1', 11111111, '2023-01-31'),
(6354, 'HC005', 'HP Desktop ', 1, 'Jagannath Satapathy', 'Dy Manager (MON - 3CM2230PJ4 ,', 'PE(E & M)', '4732', 'Suman Sourav Mishra (MT)', 11111111, '2023-01-31'),
(6355, 'PR001', 'Brother Printer Cartridge B021/B2080W', 1, 'UDIT KUMAR TANTY', 'MANAGER', 'PERSONNEL', '4732', 'NABINA NAIK, (CAT-1)', 11111111, '2023-02-01'),
(6356, 'PR012', 'EPSON YELLOW T6644(664) L405 INK', 1, 'Sri P. K. Mishra', 'Staff Officer', 'L & R', '4740', 'Ranjan kumar Sahoo, (Sr Clerk)', 11111111, '2023-02-01'),
(6357, 'PR013', 'EPSON MAGENTA T6643(664) L405 INK', 1, 'Sri P K  Mishra', 'STAFF OFFICER', 'L & R', '4740', 'RANJAN KU SAHOO, (Sr CLERK)', 11111111, '2023-02-01'),
(6358, 'PR014', 'EPSON CYAN T6644(664) L405 INK', 1, 'P. K. Mishra', 'STAFF OFFICER', 'L & R', '4740', 'RANJAN KU SAHOO, (Sr CLERK)', 11111111, '2023-02-01'),
(6359, 'PR015', 'EPSON BLACK T6644(664) L405 INK', 1, 'P. K. Mishra', 'STAFF OFFICER', 'L & R', '4740', 'RANJAN KU SAHOO, (Sr CLERK)', 11111111, '2023-02-01'),
(6360, 'PR008', 'HP  410X Black Cartridge', 1, 'ROHIT PRAKASH', 'STAFF OFFICER', 'HP BLACK 410X CARTRIDGE', '4740', 'GIRISH CH. BISWAL, (SR. DEO)', 11111111, '2023-02-04'),
(6361, 'SY004', 'PENDRIVE', 1, 'SAROJ BEHERA', 'SR. OFFICER , (FINANACE)', 'PENDRIVE', '4740', 'SAROJ BEHERA', 11111111, '2023-02-04'),
(6362, 'PR001', 'Brother Printer Cartridge B021/B2080W', 1, 'SRI JAYA PRAKASH ', 'SO(E&M)', '', '4740', 'ASHISH KUMAR NAYAK CAT - 1', 11111111, '2023-02-04'),
(6363, 'PR001', 'Brother Printer Cartridge B021/B2080W', 1, 'RAJESH KU. SAHU', 'DESPATCH INCHARGE, DESPATCH', '', '4733', 'TAPAS SARKAR CAT-1', 11111111, '2023-02-05'),
(6364, 'HC006', 'BROTHER PRINTER', 1, 'UTTAM KUMAR BEHERA', 'DY MANAGER', 'brother printer (sl no -E78341MON985555)', '4749', 'SUBASH CH. NAIK (CAT - 1)', 11111111, '2023-02-06'),
(6365, 'HC005', 'HP Desktop ', 1, 'D. K. BEHERA', 'CHIEF MANAGER', 'CPU- 1N1231063P, MON-3CM2231SQW', '4734', 'ABHISEKH SAHOO (MT)', 11111111, '2023-02-07'),
(6366, 'SY002', 'Maintainance Box (Epson)', 1, 'BIRANCHI DAS', 'APM ,PERSONAL', 'EPSON L6170', '4740', 'HIMANSU BHUSAN PRADHAN, (CLERK GR-1)', 11111111, '2023-02-07'),
(6367, 'PR017', 'KYOCERA TK-7120  PRINTER CARTRIDGE', 1, 'BIRANCHI DAS', 'PERSONNEL (APM)', 'KYOCERA TK-7120', '4740', 'BIRANCHI DAS', 11111111, '2023-02-09'),
(6368, 'HC005', 'HP Desktop ', 1, 'ANISH KURIAKOSE (BOCP)', 'SO (SYSTEM) BOCP', 'CPU- 1N1231064H, MON- 3CM2231SQB (BOCP)', '0000', 'ANISH KURIAKOSE (BOCP)', 11111111, '2023-02-10'),
(6369, 'PR001', 'Brother Printer Cartridge B021/B2080W', 1, 'ANIL KU SAHU', 'PERSONNEL (DY MANAGER)', 'B021/B2080W', '4733', 'SATYAJIT BEHERA (CAT 1)', 11111111, '2023-02-13'),
(6370, 'PR019', 'SAMSUNG 775 ND YELLOW TONER', 6, 'BISWAJIT PATTNAIK', 'CHIEF MANAGER (MM) (MCL,HQ)', '775ND YELLOW TONER CARTRIDGE', '0000', 'BISWAJIT PATTNAIK', 11111111, '2023-02-14'),
(6371, 'PR020', 'SAMSUNG 775 ND CYAN TONER', 4, 'BISWAJIT PATTNAIK', 'CHIEF MANAGER (MM) (MCL,HQ)', '775ND CYAN TONER CARTRIDGE', '0000', 'BISWAJIT PATTNAIK', 11111111, '2023-02-14'),
(6372, 'PR021', 'SAMSUNG 775ND BLACK TONER', 1, 'BISWAJIT PATTNAIK', 'CHIEF MANAGER (MM) (MCL,HQ)', '775ND BLACK TONER CARTRIDGE', '0000', 'BISWAJIT PATTNAIK', 11111111, '2023-02-14'),
(6373, 'PR018', 'SAMSUNG 775 ND MAGENTA TONER ', 1, 'BISWAJIT PATTNAIK', 'CHIEF MANAGER (MM) (MCL,HQ)', '775ND MAGENTA TONER CARTRIDGE', '0000', 'BISWAJIT PATTNAIK', 11111111, '2023-02-14'),
(6374, 'PR001', 'Brother Printer Cartridge B021/B2080W', 1, 'R S MARVI', 'SR OFFICER (EXCAV)', 'B021/B2080W', '4732', 'ANANDA CHANDRA PRADHAN', 11111111, '2023-02-14'),
(6375, 'SY007', '15x12x2 PAPER', 3000, 'AKASH SAHOO', 'MT(SYSTEM)', '', '4740', 'AKASH SAHOO', 11111111, '2023-02-15'),
(6376, 'SY008', '15x12x3 PAPER', 10000, 'AKASH SAHOO', 'MT(SYSTEM)', '', '4740', 'AKASH SAHOO', 11111111, '2023-02-15'),
(6377, 'SY009', '10x12x1 PAPER', 4000, 'AKASH SAHOO', 'MT(SYSTEM)', '', '4740', 'AKASH SAHOO', 11111111, '2023-02-15'),
(6378, 'SY002', 'Maintainance Box (Epson)', 1, 'BIRANCHI DAS', 'APM (PERSONNEL)', 'MAINTAINANCE BOX ', '4740', 'SUCHITRA DEHURY (CAT-1)', 11111111, '2023-02-17'),
(6379, 'HC005', 'HP Desktop ', 1, 'ROHIT PRAKASH ', 'SO (SYSTEM)', 'CPU- 1N12310689, MON-3CM2230PGN', '4740', 'ROHIT PRAKASH', 11111111, '2023-02-17'),
(6380, 'HC005', 'HP Desktop ', 1, 'D K MALI', 'STAFF OFFICER, STASTICAL SECTION(JA)', 'CPU-1N1231066F, MON-3CM2231SQT', '4740', 'RATIKANTA SAHOO (CLERK-GR-1)', 11111111, '2023-02-20'),
(6381, 'PR001', 'Brother Printer Cartridge B021/B2080W', 1, 'S. K. RATH', 'DEPOT OFFICER (UNIT STORE)', 'B021/B2080W', '4733', 'RAKESH PRADHAN (CLERK)', 11111111, '2023-02-21'),
(6382, 'HC001', 'Keyboard', 1, 'S. K. RATH', 'DEPOT OFFICER (UNIT STORE)', 'KEYBOARD', '4733', 'RAKESH PRADHAN (CLERK)', 11111111, '2023-02-21'),
(6383, 'SY002', 'Maintainance Box (Epson)', 1, 'SRI JAN PRAKASH', 'SO (E &M)', 'MAINTAINANCE BOX ', '4732', 'ASHISH KUMAR NAYAK CAT - 1', 11111111, '2023-02-21'),
(6384, 'PR001', 'Brother Printer Cartridge B021/B2080W', 1, 'P. K. SAMAL', 'STAFF OFFICER (EXCV. DEPTT.)', 'B021/B2080W', '4740', 'SUBHADRA DAS (CAT-1)', 11111111, '2023-02-22'),
(6385, 'PR001', 'Brother Printer Cartridge B021/B2080W', 1, 'DR GHANSHYAM SAHO', 'MEDICAL SUPERITENDENT (STORE)', 'B021/B2080W', '4749', 'SUBHAM SEKHAR BEHERA (PHARMASIST GR-C)', 11111111, '2023-02-22'),
(6386, 'SY002', 'Maintainance Box (Epson)', 1, 'D.K BEHERA', 'PROJECT ENG(E&M) ', 'MAINTAINANCE BOX ', '4734', 'P.R BADAJENA ,MT', 11111111, '2023-02-24'),
(6387, 'PR007', 'EPSON 005 Black 1170/3170', 1, 'SRI JAYA PRAKASH ', 'SO (E &M)', 'M1170/M3170', '4740', 'ASISH KUMAR NAYAK (CAT-1)', 11111111, '2023-02-25'),
(6388, 'PR001', 'Brother Printer Cartridge B021/B2080W', 1, 'RAJESH SAHOO', 'DESPATCH INCHARGE, DESPATCH', 'B021/B2080W', '4733', 'NARESH CHANDRA BISWAL (O/S)', 11111111, '2023-02-28'),
(6389, 'NW016', 'FIBRE OPTIC SL-LC PATCH CORD DUPLEX 3M', 2, 'KRISHNA BALABHA PRADHAN', 'NETWORK ENGINEER', 'FIBRE OPTIC SL-CL PATCH CORD DUPLEX 3M', '4740', 'KRISHNA BALABHA PRADHAN (N/W ENGINEER)', 11111111, '2023-02-28'),
(6390, 'HC001', 'Keyboard', 1, 'K.C. CHOUDHURY', 'CHIEF MANAGER (E-SURVELLIENCE CONTROL ROOM)', 'KEYBOARD', '4740', 'ELORABHARTI BEHERA(CAT-1)', 11111111, '2023-02-28'),
(6391, 'SY004', 'PENDRIVE 128GB', 1, 'UTTAM KUMAR BEHERA', 'DY.MANAGER FINANCE', '', '4749', 'SUBASH CHANDRA NAIK , CAT-I', 11111111, '2023-02-28'),
(6392, 'SY002', 'Maintainance Box (Epson)', 1, 'ARUN KUMAR MAJHI', 'DY. MANAGER (E&M)', 'MAINTAINANCE BOX ', '4733', 'TANMAYA NAIK (CAT-1)', 11111111, '2023-03-03'),
(6393, 'PR001', 'Brother Printer Cartridge B021/B2080W', 1, 'ANIL KU. SAHU', 'DY. MANAGER (PERSONNEL)', 'B021/B2080W', '4733', 'SATYAJIT BEHERA (CAT 1)', 11111111, '2023-03-06'),
(6394, 'PR016', 'LMP TALLY 6605/6610/6615 PRINTER RIBBON', 3, 'AKASH SAHOO', 'MT , SYSTEM', 'LMP TALLY 6605/6610/6615 ', '4740', 'LAXMI SAHU (DEO/PVO)', 11111111, '2023-03-10'),
(6395, 'PR001', 'Brother Printer Cartridge B021/B2080W', 1, 'SRI YADAV', ' FINANCE (MANAGER)', 'B021/B2080W', '4740', 'PALLAB KUMAR DEB', 11111111, '2023-03-10'),
(6396, 'PR022', 'SAMSUNG PRO XPRESS M3320 203S Cartridge', 1, 'U. K. NAYAK', 'PROJECT ENGINEER (CIVIL)', 'M3320 (CNB2P763TW)', '4740', 'SUNIL SWAIN', 11111111, '2023-03-11'),
(6397, 'PR002', 'Brother Printer Drum', 1, 'SRI YADAV ', 'MANAGER', 'DR B021', '4740', 'PALLAB KUMAR DEB', 11111111, '2023-03-11'),
(6398, 'PR001', 'Brother Printer Cartridge B021/B2080W', 1, 'J. HOTA', 'SO (E &M)', 'B021/B2080W', '4749', 'PRAMOD CHANDRA BEHERA (ASST. SUPERIVISOR)', 11111111, '2023-03-11'),
(6399, 'SY004', 'PENDRIVE 128GB', 1, 'A.S.R. SWAIN', 'DY. MANAGER (MINING)', 'PENDRIVE 128GB', '4740', 'P.K. PUROHIT (O.S)', 11111111, '2023-03-11'),
(6400, 'SY004', 'PENDRIVE 128GB', 1, 'AKASH SAHOO', 'MT , SYSTEM', 'PENDRIVE 128GB', '4740', 'BIDHUSMITA PRADHAN (CAT-1)', 11111111, '2023-03-11'),
(6401, 'PR001', 'Brother Printer Cartridge B021/B2080W', 1, 'U. K. TANTY', 'MANAGER , PERSONNEL', 'B021/B2080W', '4732', 'NABINA NAIK, (CAT-1)', 11111111, '2023-03-13'),
(6402, 'SY008', '15x12x3 PAPER', 250, 'AKASH SAHOO', 'MT(SYSTEM)', '', '4740', 'AKASH SAHOO', 11111111, '2023-03-14'),
(6403, 'SY006', '15x12x1 PAPER', 1000, 'AKASH SAHOO', 'MT(SYSTEM)', '', '4740', 'AKASH SAHOO', 11111111, '2023-03-14'),
(6404, 'SY010', '10x12x2 PAPER', 1000, 'AKASH SAHOO', 'MT(SYSTEM)', '', '4740', 'AKASH SAHOO', 11111111, '2023-03-14'),
(6405, 'PR023', 'RICHO 300 CARTRIDGE', 1, 'MANAS NAYAK', 'DY MANAGER (FINANCE)', 'RICHO 300 CARTRIDGE', '4740', 'SASMITA NAIK', 11111111, '2023-03-15'),
(6406, 'PR001', 'Brother Printer Cartridge B021/B2080W', 1, 'SRI JAYA PRAKASH ', 'STAFF OFFICER (E&M)', 'B021/B2080W', '4740', 'ASHISH KUMAR NAYAK CAT - 1', 11111111, '2023-03-15'),
(6407, 'SY003', 'Small UPS Battery ', 1, 'RAJESH KU. SAHU', 'DESPATCH IN CHARGE , DESPATCH', 'UPS BATTERY', '4733', 'TAPAS SARKAR CAT-1', 11111111, '2023-03-16'),
(6408, 'PR001', 'Brother Printer Cartridge B021/B2080W', 1, 'DR. D. P. SINGH', 'CMO , CPRMS CELL', 'B021/B2080W', '4749', 'DEBABRATA ACHARYA, CH. PHARMASIST', 11111111, '2023-03-16'),
(6409, 'SY001', '10x12x3 PAPER ', 6000, 'DR. A. P. CHOUDHURY', 'MEDICAL SUPERITENDENT , OCCUPATIONAL HEALTH CELL', 'PAPER', '4745', 'SUSIL KU PRADHAN, STORE ISSUE CLERK', 11111111, '2023-03-16'),
(6410, 'PR024', 'MSP LQ1050/MSP 335 PRINTER RIBBON', 5, 'DR. A. P. CHOUDHURY', 'MEDICAL SUPERITENDENT , OCCUPATIONAL HEALTH CELL', '335 PRINTER RIBBON', '4745', 'SUSIL KU. PRADHAN ,STORE ISSUE CLERK', 11111111, '2023-03-16'),
(6411, 'PR001', 'Brother Printer Cartridge B021/B2080W', 1, 'A. R. REDDY', 'MANAGER, FINANCE', 'B021/B2080W', '4740', 'JHARANA PRADHAN', 11111111, '2023-03-18'),
(6412, 'PR001', 'Brother Printer Cartridge B021/B2080W', 1, 'MIHIR SING', 'ENGINEER, CIVIL', 'B021/B2080W', '4733', 'SATENDRA NAIK (CAT-1)', 11111111, '2023-03-20'),
(6413, 'PR007', 'EPSON 005 Black 1170/3170', 1, 'MANAS NAYAK', 'DY. MANAGER , CSB', '1170/3170', '4740', 'LIPI BEHERA (CAT-1)', 11111111, '2023-03-20'),
(6414, 'PR007', 'EPSON 005 Black 1170/3170', 1, 'S. K. BEHERA', 'DY MANAGER (FINANCE)', '1170/3170', '4733', 'P C BISWAL (CH. CASHIER)', 11111111, '2023-03-20'),
(6415, 'HC001', 'Keyboard', 1, 'S. K. BEHERA', 'DY. MANAGER (FINANCE)', 'KEYBOARD', '4733', 'P. C. BISWAL (CH. CASHIER)', 11111111, '2023-03-20'),
(6416, 'HC002', 'USB Optical Mouse', 1, 'S.K. BEHERA', 'DY MANAGER (FINANCE)', 'MOUSE', '4733', 'P. C. BISWAL (CH. CASHIER)', 11111111, '2023-03-20'),
(6417, 'HC002', 'USB Optical Mouse', 1, 'K.C. CHOUDHURY', 'CHIEF MANAGER (MM) , E- SURVELLIENCE & CONTROL ROO', 'MOUSE', '4740', 'ELORABHARTI BEHERA(CAT-1)', 11111111, '2023-03-21'),
(6418, 'PR007', 'EPSON 005 Black 1170/3170', 1, 'RAJA BRAMHA', 'DY. MANAGER , MINING', 'BLACK 1170/3170', '4734', 'RAJA BRAMHA (DY. MANAGER)', 11111111, '2023-03-21'),
(6419, 'PR001', 'Brother Printer Cartridge B021/B2080W', 1, 'B. K. SETHI', 'AREA QULITY MANAGER, AREA QUALITY', 'B021/B2080W', '4740', 'SUKANTI BEHERA (CAT-1)', 11111111, '2023-03-21'),
(6420, 'PR028', 'HP DESIGNJET T830 728 BLACK INK CARTRIDGE', 1, 'S. R. NATH', 'DY. MANAGER , SURVEY', 'T830 728 BLACK', '4734', 'RAJESH KU SAHU (CLERK)', 11111111, '2023-03-22'),
(6421, 'PR007', 'EPSON 005 Black 1170/3170', 1, 'DPTIRANI SAHOO', 'APM, ESTABLISHMENT', '1170/3170', '4749', 'KIRTTAM KU. SHOO (OFFICE SUPDT)', 11111111, '2023-03-23'),
(6422, 'PR001', 'Brother Printer Cartridge B021/B2080W', 1, 'J. HOTA', 'STAFF OFFICER (E&M)', 'B021/B2080W', '4749', 'P.C. BEHERA (ASST. SUPERVISOR)', 11111111, '2023-03-27'),
(6423, 'SY011', 'CD R', 10, 'P. K. SAHU', 'SO (MM)', 'CD R', '4740', 'SAKUNTALA SAHOO', 11111111, '2023-03-27'),
(6424, 'PR001', 'Brother Printer Cartridge B021/B2080W', 1, 'M. MAJHI', 'CHIEF MANAGER (MIN)', 'B021/B2080W', '4732', 'NABINA NAIK, (CAT-1)', 11111111, '2023-03-28'),
(6425, 'PR007', 'EPSON 005 Black 1170/3170', 1, 'A. TEERTHAMALAI', 'STAFF OFFICER (CIVIL)', '1170/3170', '4740', 'DILLIP KU. SAHOO (OSA)', 11111111, '2023-03-28'),
(6426, 'PR001', 'Brother Printer Cartridge B021/B2080W', 1, 'SANJAYA KUMAR', 'PROJECT ENG(CIVIL)', 'B021/B2080W', '4732', 'MALAYA KUMAR SAHOO (CLERK, GR-1)', 11111111, '2023-03-29'),
(6427, 'SY003', 'Small UPS Battery ', 4, 'BIJU GEORGE', 'SR OFFICER (SYSTEM), LINGARAJ AREA', 'UPS BATTERY', '0000', 'BIJU GEORGE', 11111111, '2023-03-30'),
(6428, 'PR001', 'Brother Printer Cartridge B021/B2080W', 1, 'UDIT KUMAR TANTY', 'MANAGER, PERSONNEL', 'B021/B2080W', '4732', 'NABINA NAIK, (CAT-1)', 11111111, '2023-03-30'),
(6429, 'PR001', 'Brother Printer Cartridge B021/B2080W', 1, 'S. VENATESAN', 'SO, SAFETY', 'B021/B2080W', '4740', 'ANJALI PRADHAN, (CAT-1)', 11111111, '2023-03-30'),
(6430, 'PR001', 'Brother Printer Cartridge B021/B2080W', 1, 'V. K. LAL', 'PROJECT ENGINEER (EXCV.)', 'B021/B2080W', '4733', 'BISWAMBAR NAIK,(EP MAZDOOR)', 11111111, '2023-03-31'),
(6431, 'PR002', 'Brother Printer Drum', 1, 'V. K. LAL', 'PROJECT ENGINEER (EXCV.)', 'BROTHER PRINTER DRUM', '4733', 'BISWAMBAR NAIK,(EP MAZDOOR)', 11111111, '2023-03-31'),
(6432, 'PR029', 'BT D60 BK INK(Brother) T910W BLACK 5000', 1, 'PRUTHIVRAJ BHANJA', 'OS (GM SEC)', '', '4740', 'SANJEEB KU DAS CAT-1', 11111111, '2023-04-01'),
(6433, 'PR031', 'BT D60 BK INK(Brother) T910W CYAN 5000', 1, 'PRUTHIVRAJ BHANJA', 'OS (GM SEC)', '', '4740', 'SANJEEB KU DAS CAT-1', 11111111, '2023-04-01'),
(6434, 'PR032', 'BT D60 BK INK(Brother) T910W MAGENTA 5000', 1, 'PRUTHIVRAJ BHANJA', 'OS (GM SEC)', '', '4740', 'SANJEEB KU DAS CAT-1', 11111111, '2023-04-01'),
(6435, 'PR030', 'BT D60 BK INK(Brother) T910W YELLOW 5000', 1, 'PRUTHIVRAJ BHANJA', 'OS (GM SEC)', '', '4740', 'SANJEEB KU DAS CAT-1', 11111111, '2023-04-01'),
(6436, 'PR001', 'Brother Printer Cartridge B021/B2080W', 1, 'ANIL KUMAR SAHU', 'DY MANAGER (PERSONNEL)', '', '4733', 'SUMANTA KUMAR SAHOO', 11111111, '2023-04-01'),
(6437, 'PR016', 'LMP TALLY 6605/6610/6615 PRINTER RIBBON', 2, 'AKASH SAHOO', 'MT(SYSTEM)', 'LMP TALLY 6605/6610/6615 ', '4740', 'LAXMI SAHU (DEO/PVO)', 11111111, '2023-04-03'),
(6438, 'PR001', 'Brother Printer Cartridge B021/B2080W', 1, 'PRABHAT RANJAN KUMAR', 'DY MANAGER, EXCV.', 'B021/B2080W', '4733', 'PRABHAT RANJAN KUMAR', 11111111, '2023-04-03'),
(6439, 'PR002', 'Brother Printer Drum', 1, 'JAY PRAKASH', 'SO, E&M', 'BROTHER PRINTER DRUM', '4740', 'PRAKASH CH. DAS', 11111111, '2023-04-05'),
(6440, 'HC005', 'HP Desktop ', 2, 'RITIP KU. SAHU', 'ASST. MANAGER, E&M', 'CPU-1N1231067T,1N1231065W MON-3CM2232QH5,3CM2231SPN', '4733', 'FALGUNI PANI (FOREMAN)', 11111111, '2023-04-05'),
(6441, 'PR017', 'KYOCERA TK-7120  PRINTER CARTRIDGE', 1, 'P. BHANJA', 'O.S, (GM SECT.)', 'KYOCERA TK-7120', '4740', 'PARAMA SAHOO (CABLEMAN)', 11111111, '2023-04-05'),
(6442, 'PR007', 'EPSON 005 Black 1170/3170', 1, 'GOPAL KRISHNA SWAIN', 'DEPOT OFFICER (MINING)', 'M1170/M3170', '4741', 'MUNA GOCHHAYAT (CAT-4)', 11111111, '2023-04-06'),
(6443, 'PR007', 'EPSON 005 Black 1170/3170', 1, 'I. H. ANSARI', 'CHIEF MANAGER, MINING', '1170/3170', '4740', 'SANJEEB KU SAHOO (DEO)', 11111111, '2023-04-06'),
(6444, 'NW015', 'WEB CAM', 1, 'AKASH SAHOO', 'MT(SYSTEM)', 'WEBCAM', '4740', 'AKASH SAHOO', 11111111, '2023-04-06'),
(6445, 'HC001', 'Keyboard', 1, 'H. S. SAHU', 'ASST. MANAGER, FINANCE', 'KEYBOARD', '4740', 'BABUL KUMAR SAHOO', 11111111, '2023-04-07'),
(6446, 'PR001', 'Brother Printer Cartridge B021/B2080W', 1, 'JAY PRAKASH', 'SO(E&M)', 'B021/B2080W', '4740', 'ASISH KUMAR NAYAK (CAT-1)', 11111111, '2023-04-07'),
(6447, 'SY004', 'PENDRIVE 128GB', 1, 'A. K. DHAL', 'GM, GM SECTT.', 'PENDRIVE', '4740', 'SHOBHAMAYEE SUBHASHREE SAHOO', 11111111, '2023-04-08'),
(6448, 'SY003', 'Small UPS Battery ', 1, 'MANAS NAYAK', 'DY. MANAGER, FINANCE(STORE A/C)', 'UPS BATTERY', '4740', 'DEEPTIRANI SAHOO( ACCT. CLERK)', 11111111, '2023-04-08'),
(6449, 'HC002', 'USB Optical Mouse', 1, 'MANAS NAYAK', 'DY MANAGER (FINANCE)', 'MOUSE', '4740', 'DEEPTIRANI SAHOO( ACCT. CLERK)', 11111111, '2023-04-08'),
(6450, 'HC001', 'Keyboard', 1, 'MANAS NAYAK', 'DY MANAGER (FINANCE)', 'KEYBOARD', '4740', 'DEEPTIRANI SAHOO( ACCT. CLERK)', 11111111, '2023-04-08'),
(6451, 'SY003', 'Small UPS Battery ', 1, 'H. S. SAHU', 'ASST. MANAGER, FINANCE', 'UPS BATTERY', '4740', 'BABUL KUMAR SAHOO (CAT-1)', 11111111, '2023-04-08'),
(6452, 'NW017', 'FACTORY CRIMPED PATCH CORD 3M', 1, 'H. S. SAHU', 'DY MANAGER (FINANCE)', 'PATCH CORD 3M', '4740', 'BABUL KUMAR SAHOO (CAT-1)', 11111111, '2023-04-08'),
(6453, 'HC002', 'USB Optical Mouse', 1, 'H. S. SAHU', 'ASST. MANAGER, FINANCE', 'MOUSE', '4740', 'BABUL KUMAR SAHOO (CAT-1)', 11111111, '2023-04-08'),
(6454, 'HC001', 'Keyboard', 1, 'T. R. SAHOO', 'MANAGER, (EXCV.)', 'KEYBOARD', '4732', 'BISWAMBAR NATH NAIK (CAT-1)', 11111111, '2023-04-11'),
(6455, 'NW010', 'FACTORY CRIMPED PATCH CORD 2M', 1, 'AKASH SAHOO', 'MT, SYSTEM', 'PATCH CORD 2M', '4740', 'AKASH SAHOO (MT)', 11111111, '2023-04-12'),
(6456, 'HC008', 'KYOCERA ECOSYS M2040dn', 1, 'AKASH SAHOO', 'MT, SYSTEM', 'M2040dn (R-41002970), VYB2Y21318', '4740', 'AKASH SAHOO (MT)', 11111111, '2023-04-12'),
(6457, 'HC008', 'KYOCERA ECOSYS M2040dn', 1, 'U. K. NAYAK', 'PROJECT ENGINEER (CIVIL)', 'ECOSYS M2040DN (VYB2Y21353)', '4740', 'PINKI NAIK (CAT-1)', 11111111, '2023-04-12'),
(6458, 'HC008', 'KYOCERA ECOSYS M2040dn', 1, 'G. BALRAJU', 'ASST. MANAGER, FINANCE', 'ECOSYS M2040DN (VYB2X17236)', '4740', 'NAROTTAM PRADHAN (O.S)', 11111111, '2023-04-12'),
(6459, 'NW017', 'FACTORY CRIMPED PATCH CORD 3M', 1, 'U. K. NAYAK', 'PROJECT ENGINEER (CIVIL)', 'PATCH CORD 3M', '4740', 'PINKI NAIK (CAT-1)', 11111111, '2023-04-12'),
(6460, 'NW017', 'FACTORY CRIMPED PATCH CORD 3M', 1, 'G. BALRAJU', 'ASST. MANAGER, CSB', 'PATCH CORD 3M', '4740', 'NAROTTAM PRADHAN (O.S)', 11111111, '2023-04-12'),
(6461, 'HC008', 'KYOCERA ECOSYS M2040dn', 1, 'P. K. SAMAL', 'SO (EXCV)', 'ECOSYS M2040dn (VYB2Y21347)', '4740', 'RILIBALA SAHOO (SR. CLERK)', 11111111, '2023-04-12'),
(6462, 'NW017', 'FACTORY CRIMPED PATCH CORD 3M', 1, 'P.K. SAMAL', 'SO, (EXCV.)', 'PATCH CORD 3M', '4740', 'P.K. SAMAL', 11111111, '2023-04-12'),
(6463, 'HC008', 'KYOCERA ECOSYS M2040dn', 1, 'R STORE', 'R STORE', 'ECOSYS M2040dn (VYB2Y22960)', '4741', 'R STORE', 11111111, '2023-04-12'),
(6464, 'HC008', 'KYOCERA ECOSYS M2040dn', 1, 'MM', 'MM', 'ECOSYS M2040dn (VYB2Y21787)', '4740', 'MM', 11111111, '2023-04-12'),
(6465, 'HC008', 'KYOCERA ECOSYS M2040dn', 1, 'SAUDEEP MANDAL', 'DY. MANAGER (E & M)', 'ECOSYS M2040DN (VYB2Y21348)', '4740', 'ASHISH KUMAR NAYAK CAT - 1', 11111111, '2023-04-12'),
(6466, 'NW017', 'FACTORY CRIMPED PATCH CORD 3M', 1, 'SAUDEEP MANDAL', 'DY MANAGER (E & M)', 'PATCH CORD 3M', '4740', 'ASHISH KUMAR NAYAK CAT - 1', 11111111, '2023-04-12'),
(6467, 'HC008', 'KYOCERA ECOSYS M2040dn', 1, 'S. VENKATESAN', 'SO (SAFETY)', 'ECOSYS M2040DN (VYB2X17513)', '4740', 'SONTOSH PRADHAN (SR. PA)', 11111111, '2023-04-12'),
(6468, 'NW017', 'FACTORY CRIMPED PATCH CORD 3M', 1, 'S. VENKATESAN', 'SO (SAFETY)', 'PATCH CORD 3M', '4740', 'SANTOSH PRADHAN (SR. PA)', 11111111, '2023-04-12'),
(6469, 'NW008', 'FACTORY CRIMPED PATCH CORD 10M', 1, 'P. K. SAHU', 'SO (MM)', 'PATCH CORD 10M', '4740', 'MANORAMA NAIK (PEON)', 11111111, '2023-04-12'),
(6470, 'HC008', 'KYOCERA ECOSYS M2040dn', 1, 'TRINATH PANDA', 'AMO,AMO', 'ECOSYS M2040dn (VYB2X17242)', '4740', 'DEBIPRIYA PRADHAN (CAT-1)', 11111111, '2023-04-13'),
(6471, 'NW010', 'FACTORY CRIMPED PATCH CORD 2M', 1, 'TRINATH PANDA', 'AMO, AMO', 'PATCH CORD 2M', '4740', 'DEBIPRIYA PRADHAN (CAT-1)', 11111111, '2023-04-13'),
(6472, 'HC008', 'KYOCERA ECOSYS M2040dn', 1, 'SAROJ KU SAHOO', 'LEGAL OFFICER (LEGAL)', 'ECOSYS M2040DN (VYB2Y21337)', '4740', 'ANADAGOURI PRADHAN (CAT-1)', 11111111, '2023-04-13'),
(6473, 'NW017', 'FACTORY CRIMPED PATCH CORD 3M', 1, 'SAROJ KU SAHOO', 'LEGAL OFFICER (LEGAL)', 'PATCH CORD 3M', '4740', 'ANADAGOURI PRADHAN (CAT-1)', 11111111, '2023-04-13'),
(6474, 'PR001', 'Brother Printer Cartridge B021/B2080W', 1, 'U. K. TANTY', 'MANAGER, PERSONNEL', 'B021/B2080W', '4732', 'BASUDEV PRADHAN (OS)', 11111111, '2023-04-13'),
(6475, 'NW010', 'FACTORY CRIMPED PATCH CORD 2M', 2, 'AKASH SAHOO', 'MT, SYSTEM', 'PATCH CORD 2M', '4740', 'AKASH SAHOO (MT)', 11111111, '2023-04-14'),
(6476, 'NW005', 'UNMANAGED SWITCH 05 PORTS', 1, 'AKASH SAHOO', 'MT, SYSTEM', 'SWITCH 05 PORT', '4740', 'AKASH SAHOO (MT)', 11111111, '2023-04-14'),
(6477, 'PR001', 'Brother Printer Cartridge B021/B2080W', 1, 'NNC BEHERA', 'CHIEF MANAGER (E&M)', 'B021/B2080W', '4740', 'NNC BEHERA', 11111111, '2023-04-14'),
(6478, 'PR001', 'Brother Printer Cartridge B021/B2080W', 1, 'G. HARIPRASAD', 'SO (MM)', 'B021/B2080W', '4749', 'DADHIMOHAN SAHOO (CAT-II)', 11111111, '2023-04-14'),
(6479, 'SY011', 'CD R', 4, 'ANIL KU SAHU', 'DY. MANAGER (PERSONNEL)', 'CD R', '4733', 'HARMOHAN BEHERA, O.S', 11111111, '2023-04-17'),
(6480, 'SY002', 'Maintainance Box (Epson)', 1, 'SHOBHAMAYEE SUBHASHREE SAHOO', 'CLERK', 'MAINTAINANCE BOX ', '4740', 'SHOBHAMAYEE SUBHASHREE SAHOO', 11111111, '2023-04-17'),
(6481, 'PR006', 'EPSON 001 Black L6170', 1, 'KILLI PRASAD', 'MANAGER , PERSONNEL', 'BLACK L6170', '4740', 'ABHIPSHA  BIJAYALAXMI (CAT-1)', 11111111, '2023-04-18'),
(6482, 'PR001', 'Brother Printer Cartridge B021/B2080W', 1, 'U. K. TANTY', 'PERSONNEL ( MANAGER)', 'B021/B2080W', '4732', 'SUSANTA BISWAL (CAT - 1)', 11111111, '2023-04-19'),
(6483, 'PR001', 'Brother Printer Cartridge B021/B2080W', 5, 'ANISH KURIAKOSE ', 'SO (SYSTEM) Bharatpur Area ', 'B021/B2080W', '0000', 'RANJAN KU BEHERA', 11111111, '2023-04-20'),
(6484, 'NW005', 'UNMANAGED SWITCH 05 PORTS', 1, 'S. VENKATESAN', 'SO, SAFETY', 'SWITCH 5 PORTS', '4740', 'ANJALI PRADHAN, (CAT-1)', 11111111, '2023-04-21'),
(6485, 'NW010', 'FACTORY CRIMPED PATCH CORD 2M', 2, 'S. VENKATESAN', 'SO (SAFETY)', 'PATCH CORD 2M', '4740', 'ANJALI PRADHAN, (CAT-1)', 11111111, '2023-04-21'),
(6486, 'SY002', 'Maintainance Box (Epson)', 1, 'VIPIN KUMAR SING', 'Asst. Manager, CIVIL', 'MAINTAINANCE BOX ', '4740', 'TUNI NAIK (CAT-1)', 11111111, '2023-04-21'),
(6487, 'PR006', 'EPSON 001 Black L6170', 2, 'VIPIN KUMAR SING', 'Asst. Manager, CIVIL', 'EPSON 001 BLACK L6170', '4740', 'TUNI NAIK (CAT-1)', 11111111, '2023-04-21'),
(6488, 'PR005', 'EPSON 001 Cyan L6170', 1, 'VIPIN KUMAR SING', 'Asst. Manager, CIVIL', 'EPSON 001 CYAN L6170', '4740', 'TUNI NAIK (CAT-1)', 11111111, '2023-04-21'),
(6489, 'PR003', 'EPSON 001 Yellow L6170', 1, 'VIPIN KUMAR SING', 'Asst. Manager, CIVIL', 'EPSON 001 YELLOW L6170', '4740', 'TUNI NAIK (CAT-1)', 11111111, '2023-04-21'),
(6490, 'PR004', 'EPSON 001 Magneta L6170', 1, 'VIPIN KUMAR SING', 'Asst. Manager, CIVIL', 'EPSON 001 MAGENTA L6170', '4740', 'TUNI NAIK (CAT-1)', 11111111, '2023-04-21'),
(6491, 'NW017', 'FACTORY CRIMPED PATCH CORD 3M', 2, 'RAJKISHOR NAIK', 'LEGAL INSPECTOR, LEGAL', 'PATCH CORD 3M', '4740', 'ANADAGOURI PRADHAN (CAT-1)', 11111111, '2023-04-22'),
(6492, 'NW005', 'UNMANAGED SWITCH 05 PORTS', 1, 'RAJKISHOR NAIK', 'LEGAL INSPECTOR, LEGAL', 'SWITCH 05 PORT', '4740', 'ANADAGOURI PRADHAN (CAT-1)', 11111111, '2023-04-22'),
(6493, 'PR001', 'Brother Printer Cartridge B021/B2080W', 1, 'RAJKISHOR NAIK', 'LEGAL INSPECTOR, LEGAL', 'B021/B2080W', '4740', 'ANADAGOURI PRADHAN (CAT-1)', 11111111, '2023-04-22'),
(6494, 'PR002', 'Brother Printer Drum', 1, 'T. R. SAHOO', 'MANAGER, EXCV.', 'BROTHER PRINTER DRUM', '4732', 'BISWAMBAR NATH NAIK (CAT-II)', 11111111, '2023-04-22'),
(6495, 'PR001', 'Brother Printer Cartridge B021/B2080W', 1, 'T. R. SAHOO', 'MANAGER, (EXCV.)', 'B021/B2080W', '4732', 'BISWAMBAR NATH NAIK (CAT-II)', 11111111, '2023-04-22'),
(6496, 'PR001', 'Brother Printer Cartridge B021/B2080W', 1, 'Dr A.R DASH ', 'CMS & NSCH', '', '4749', 'U.K PRADHAN', 95001601, '2023-04-24'),
(6497, 'PR007', 'EPSON 005 Black 1170/3170', 1, 'Dr A.R DASH ', 'CMS & NSCH', '', '4749', 'U.K PRADHAN', 95001601, '2023-04-24'),
(6498, 'PR006', 'EPSON 001 Black L6170', 2, 'Sidharth Sankar Jena ', 'Manager(Mining)  L&R ', '', '4740', 'Ranjan Kumar Sahoo', 95001601, '2023-04-25'),
(6499, 'PR004', 'EPSON 001 Magneta L6170', 1, 'Sidharth Sankar Jena ', 'Manager(Mining)  L&R ', '', '4740', 'Ranjan Kumar Sahoo', 95001601, '2023-04-25'),
(6500, 'PR003', 'EPSON 001 Yellow L6170', 1, 'Sidharth Sankar Jena ', 'Manager(Mining)  L&R ', '', '4740', 'Ranjan Kumar Sahoo', 95001601, '2023-04-25'),
(6501, 'PR005', 'EPSON 001 Cyan L6170', 1, 'Sidharth Sankar Jena ', 'Manager(Mining)  L&R ', '', '4740', 'Ranjan Kumar Sahoo', 95001601, '2023-04-25'),
(6502, 'PR001', 'Brother Printer Cartridge B021/B2080W', 1, 'BK SETHI', 'AQM - QUALITY ', '', '4740', 'SAPNESWAR SAHOO', 95001601, '2023-04-25'),
(6503, 'PR002', 'Brother Printer Drum', 1, 'BK SETHI', 'AQM - QUALITY ', '', '4740', 'SAPNESWAR SAHOO', 95001601, '2023-04-25'),
(6504, 'PR006', 'EPSON 001 Black L6170', 1, 'S MAITI', 'CHIEF MANAGER (MINING )', '', '4740', 'CHUIN DEHURY', 95001601, '2023-04-26'),
(6505, 'PR005', 'EPSON 001 Cyan L6170', 1, 'S MAITI', 'CHIEF MANAGER (MINING )', '', '4740', 'CHUIN DEHURY', 95001601, '2023-04-26'),
(6506, 'PR004', 'EPSON 001 Magneta L6170', 1, 'S MAITI', 'CHIEF MANAGER (MINING )', '', '4740', 'CHUIN DEHURY', 95001601, '2023-04-26'),
(6507, 'PR003', 'EPSON 001 Yellow L6170', 1, 'S MAITI', 'CHIEF MANAGER (MINING )', '', '4740', 'CHUIN DEHURY', 95001601, '2023-04-26'),
(6508, 'PR001', 'Brother Printer Cartridge B021/B2080W', 1, 'BIRANCHI DAS', 'APM, PERSONNEL (RAJBHASA)', 'B021/B2080W', '4740', 'CHANDAN BISWAKARMA (GR-III)', 95001601, '2023-04-27'),
(6509, 'PR001', 'Brother Printer Cartridge B021/B2080W', 1, 'NARESH MIRIYALA', 'MANAGER, PERSONNEL', 'B021/B2080W', '4740', 'MINAKSHI SAHOO (CAT-1)', 11111111, '2023-04-27'),
(6510, 'SY001', '10x12x3 PAPER ', 6000, 'DR. YOGA BASIST', 'MEDICAL OFFICER, OCCUPATIONAL HEALTH CELL', '10X12X3 PAPER', '4745', 'SUSIL KU PRADHAN (STORE ISSUE CLERK)', 11111111, '2023-04-27'),
(6511, 'PR024', 'MSP LQ1050/MSP 335 PRINTER RIBBON', 5, 'DR. YOGA BASIST', 'MEDICAL OFFICER, OCCUPATIONAL HEALTH CELL', 'RIBBON MSP 335', '4745', 'SUSIL KU PRADHAN (STORE ISSUE CLERK)', 11111111, '2023-04-27'),
(6512, 'PR001', 'Brother Printer Cartridge B021/B2080W', 1, 'DR. YOGA BASIST', 'MEDICAL OFFICER, OCCUPATIONAL HEALTH CELL', 'B021/B2080W', '4745', 'SUSIL KU PRADHAN (STORE ISSUE CLERK)', 11111111, '2023-04-27'),
(6513, 'PR001', 'Brother Printer Cartridge B021/B2080W', 1, 'S.R Nayak ', 'Project Eng. , JNC ', '', '4732', 'Malay Kumar Sahoo', 95001601, '2023-04-28'),
(6514, 'PR028', 'HP DESIGNJET T830 728 BLACK INK CARTRIDGE', 1, 'A. K. DHIR', 'ASST. MANAGER, SURVEY', '728 BLACK CARTRIDGE', '4733', 'BIRANCHI NARAYAN PRADHAN, CLERK(GR-III)', 11111111, '2023-05-02'),
(6515, 'PR025', 'HP DESIGNJET T830 728 YELLOW INK CARTRIDGE', 1, 'A. K. DHIR', 'ASST. MANAGER, SURVEY', '728 YELLOW CARTRIDGE', '4733', 'BIRANCHI NARAYAN PRADHAN, CLERK(GR-III)', 11111111, '2023-05-02'),
(6516, 'PR027', 'HP DESIGNJET T830 728 CYAN INK CARTRIDGE', 1, 'A. K. DHIR', 'ASST. MANAGER, SURVEY', '728 CYAN CARTRIDGE', '4733', 'BIRANCHI NARAYAN PRADHAN, CLERK(GR-III)', 11111111, '2023-05-02'),
(6517, 'PR026', 'HP DESIGNJET T830 728 MAGENTA INK CARTRIDGE', 1, 'A. K. DHIR', 'ASST. MANAGER, SURVEY', '728 MAGENTA CARTRIDGE', '4733', 'BIRANCHI NARAYAN PRADHAN, CLERK(GR-III)', 11111111, '2023-05-02'),
(6518, 'PR022', 'SAMSUNG PRO XPRESS M3320 203S Cartridge', 1, 'U. K. NAYAK', 'PROJECT ENG. , CIVIL', 'SAMSUNG PRO XPRESS M3320', '4740', 'SUNIL SWAIN (CAT-I)', 11111111, '2023-05-03'),
(6519, 'PR006', 'EPSON 001 Black L6170', 1, 'KANTI BHUSAN CHOWDHURY', 'E-8, MINING', 'BLACK L6170', '4740', 'S. PARIDA (CAT-1)', 11111111, '2023-05-03'),
(6520, 'PR005', 'EPSON 001 Cyan L6170', 1, 'KANTI BHUSAN CHOWDHURY', 'E-8, MINING', 'CYAN L6170', '4740', 'S. PARIDA (CAT-1)', 11111111, '2023-05-03'),
(6521, 'PR004', 'EPSON 001 Magneta L6170', 1, 'KANTI BHUSAN CHOWDHURY', 'E-8, MINING', 'MAGENTA L6170', '4740', 'S. PARIDA (CAT-1)', 11111111, '2023-05-03'),
(6522, 'PR003', 'EPSON 001 Yellow L6170', 1, 'KANTI BHUSAN CHOWDHURY', 'E-8, MINING', 'YELLOW L6170', '4740', 'S. PARIDA (CAT-1)', 11111111, '2023-05-03'),
(6523, 'PR006', 'EPSON 001 Black L6170', 1, 'DILLIP KUMAR MAHANTA', 'Manager(Mining)  ', 'BLACK L6170', '4734', 'DILLIP KUMAR MAHANTA (MANAGER)', 11111111, '2023-05-03'),
(6524, 'PR005', 'EPSON 001 Cyan L6170', 1, 'DILLIP KUMAR MAHANTA', 'MANAGER, MINING/ PO,SECTT.', 'CYAN L6170', '4734', 'DILLIP KUMAR MAHANTA (MANAGER)', 11111111, '2023-05-03'),
(6525, 'PR004', 'EPSON 001 Magneta L6170', 1, 'DILLIP KUMAR MAHANTA', 'MANAGER, MINING/ PO,SECTT.', 'MAGENTA L6170', '4734', 'DILLIP KUMAR MAHANTA (MANAGER)', 11111111, '2023-05-03'),
(6526, 'PR003', 'EPSON 001 Yellow L6170', 1, 'DILLIP KUMAR MAHANTA', 'MANAGER, MINING/ PO,SECTT.', 'YELLOW L6170', '4734', 'DILLIP KUMAR MAHANTA (MANAGER)', 11111111, '2023-05-03'),
(6527, 'PR001', 'Brother Printer Cartridge B021/B2080W', 1, 'ANIL KUMAR SAHU', 'DY. MANAGER', 'B021/B2080W', '4733', 'SATYAJIT BEHERA (C-1)', 11111111, '2023-05-04'),
(6528, 'PR001', 'Brother Printer Cartridge B021/B2080W', 1, 'P.C DALAI', 'SR MANAGER (MINING)', 'B021/B2080W', '4740', 'ANJALI PRADHAN', 11111111, '2023-05-04'),
(6529, 'HC002', 'USB Optical Mouse', 1, 'P.C DALAI', 'SR MANAGER( TRAINING)', 'MOUSE', '4740', 'ANJALI PRADHAN', 11111111, '2023-05-04'),
(6530, 'PR001', 'Brother Printer Cartridge B021/B2080W', 1, 'RAJESH SAHOO', 'DESPATCH INCHARGE,DESPATCH SECTION', 'B021/B2080W', '4733', 'SARAT KU. SAHOO', 11111111, '2023-05-05'),
(6531, 'PR001', 'Brother Printer Cartridge B021/B2080W', 1, 'DEEPAK MANSING', 'ASST.MGR.(MINING),E SURVEILLANCE & COMTROL ROOM', 'B021/B2080W', '4740', 'MISTER KUMAR JHA JR DEO', 11111111, '2023-05-05'),
(6532, 'PR006', 'EPSON 001 Black L6170', 1, 'SRI RAJA BRAMHA', 'ENVT. OFFICER, ENVIRONMENT', 'BLACK L6170', '4734', 'PRANIT PATTANAYAK (MINING SARDAR)', 11111111, '2023-05-08'),
(6533, 'PR006', 'EPSON 001 Black L6170', 1, 'SRI S. SAHOO', 'SAFETY OFFICER, SAFETY', 'BLACK L6170', '4734', 'PRANIT PATTANAYAK (MINING SARDAR)', 11111111, '2023-05-08'),
(6534, 'PR006', 'EPSON 001 Black L6170', 1, 'SRI RUP KUMAR DAS', 'COLLIERY MANAGER, MINING', 'BLACK L6170', '4734', 'PRANIT PATTANAYAK (MINING SARDAR)', 11111111, '2023-05-08'),
(6535, 'PR006', 'EPSON 001 Black L6170', 2, 'P. K. MISHRA', 'MANAGER, PERSONNEL', 'BLACK L6170', '4734', 'P. K. MISHRA', 11111111, '2023-05-08'),
(6536, 'PR007', 'EPSON 005 Black 1170/3170', 1, 'P. K. MISHRA', 'MANAGER, PERSONNEL', 'BLACK 1170/3170', '4734', 'P. K. MISHRA', 11111111, '2023-05-08'),
(6537, 'HC009', 'HP COLOR LASER JET PRINTER', 1, 'A.K. DHAL', 'GM, GM SECTT.', 'HP PRINTER', '4740', 'SANJEEB KU. BEHERA (GR-III)', 11111111, '2023-05-08'),
(6538, 'PR007', 'EPSON 005 Black 1170/3170', 1, 'RAMESH SURYAVANSHI', 'OVERMAN, SAFETY', 'BLACK 1170/3170', '4733', 'KANDAN KUMAR (JR. OVERMAN)', 11111111, '2023-05-09'),
(6539, 'PR006', 'EPSON 001 Black L6170', 1, 'RAMESH SURYAVANSHI', 'OVERMAN, SAFETY', 'BLACK L6170', '4733', 'KANDAN KUMAR (JR. OVERMAN)', 11111111, '2023-05-09'),
(6540, 'PR003', 'EPSON 001 Yellow L6170', 1, 'RAMESH SURYAVANSHI', 'OVERMAN, SAFETY', 'YELLOW L6170', '4733', 'KUNDAN KUMAR (JR. OVERMAN)', 11111111, '2023-05-09'),
(6541, 'PR005', 'EPSON 001 Cyan L6170', 1, 'RAMESH SURYAVANSHI', 'OVERMAN, SAFETY', 'CYAN L6170', '4733', 'KUNDAN KUMAR (JR. OVERMAN)', 11111111, '2023-05-09'),
(6542, 'PR004', 'EPSON 001 Magneta L6170', 1, 'RAMESH SURYAVANSHI', 'OVERMAN, SAFETY', 'MAGENTA L6170', '4733', 'KUNDAN KUMAR (JR. OVERMAN)', 11111111, '2023-05-09'),
(6543, 'SY002', 'Maintainance Box (Epson)', 1, 'RAMESH SURYAVANSHI', 'OVERMAN, SAFETY', 'MAINTAINACE BOX', '4733', 'KUNDAN KUMAR (JR. OVERMAN)', 11111111, '2023-05-09'),
(6544, 'HC002', 'USB Optical Mouse', 2, 'ANIL KUMAR SAHU', 'DY. MANAGER, PERSONNEL', 'OPTICAL MOUSE', '4733', 'SANJIB KUMAR SWAIN (CAT-I)', 11111111, '2023-05-09'),
(6545, 'SY003', 'Small UPS Battery ', 1, 'P. K. MISHRA', 'SO, L & R', 'BATTERY', '4740', 'Ranjan Kumar Sahoo (CLERK)', 11111111, '2023-05-09'),
(6546, 'PR001', 'Brother Printer Cartridge B021/B2080W', 1, 'SUDEEP MANDAL', 'DY. MANAGER, E & M', 'B021/B2080W', '4740', 'ASHISH KUMAR NAYAK (CAT-I)', 11111111, '2023-05-09'),
(6547, 'PR007', 'EPSON 005 Black 1170/3170', 1, 'S. K. RATHORE', 'LAB- INCHARGE, JA COAL ANALYSIS LAB', 'BLACK 1170/3170', '4732', 'ANIL MAHARANA (CAT-I)', 11111111, '2023-05-09'),
(6548, 'PR001', 'Brother Printer Cartridge B021/B2080W', 1, 'MANAS NAYAK', 'DY. MANAGER, FINANCE', 'B021/B2080W', '4740', 'TRILOCHAN BISWAL (ACCONTANT)', 11111111, '2023-05-09'),
(6549, 'PR006', 'EPSON 001 Black L6170', 1, 'R.K. MOHAPATRA', 'SAFETY OFFICER, SAFETY', 'BLACK L6170', '4732', 'RAJESH KU. YADAV (JR. OVERMAN)', 11111111, '2023-05-10'),
(6550, 'PR001', 'Brother Printer Cartridge B021/B2080W', 1, 'SAROJ BEHERA', 'SR. OFFICER, FINANCE', 'B021/B2080W', '4732', 'HARMOHAN SAHOO (ACCOUTANT-A1)', 11111111, '2023-05-10'),
(6551, 'PR006', 'EPSON 001 Black L6170', 1, 'M. L. SAKET', 'PROJECT ENG. , CIVIL', 'BLACK L6170', '4734', 'SUMAN KUMAR PARIDA (CAT-I)', 11111111, '2023-05-11'),
(6552, 'PR005', 'EPSON 001 Cyan L6170', 1, 'M. L. SAKET', 'PROJECT ENG. , CIVIL', 'CYAN L6170', '4734', 'SUMAN KUMAR PARIDA (CAT-I', 11111111, '2023-05-11'),
(6553, 'PR003', 'EPSON 001 Yellow L6170', 1, 'M. L. SAKET', 'PROJECT ENG. , CIVIL', 'YELLOW L6170', '4734', 'SUMAN KUMAR PARIDA (CAT-I', 11111111, '2023-05-11'),
(6554, 'PR004', 'EPSON 001 Magneta L6170', 1, 'M. L. SAKET', 'PROJECT ENG. , CIVIL', 'MAGENTA L6170', '4734', 'SUMAN KUMAR PARIDA (CAT-I', 11111111, '2023-05-11'),
(6555, 'PR023', 'RICHO 300 CARTRIDGE', 1, 'MRS. DIPTIRANI SAHOO', 'APM, NSCH', 'RICHO CARTRIDGE', '4749', 'RAMADHAR PANDEY (CLERK-GR II)', 11111111, '2023-05-12'),
(6556, 'PR006', 'EPSON 001 Black L6170', 1, 'S. BEHERA', 'SIDING IN-CHARGE, COAL DESPATCH', 'BLACK L6170', '4733', 'SANJAYASAHOO (CAT-I)', 11111111, '2023-05-12'),
(6557, 'SY002', 'Maintainance Box (Epson)', 1, 'S. BEHERA', 'SIDING IN-CHARGE, COAL DESPATCH', 'MAINTAINACE BOX', '4733', 'SANJAYASAHOO (CAT-I)', 11111111, '2023-05-12'),
(6558, 'SY003', 'Small UPS Battery ', 8, 'ANISH  KURIAKOSE', 'ASST. MANAGER (SYSTEM)', '650 VOLT BATTERY (ZEBRONICS MAKE)', '0000', 'ANISH  KURIAKOSSE', 11111111, '2023-05-14'),
(6559, 'PR006', 'EPSON 001 Black L6170', 1, 'A. TEERTHA MALLAI', 'SO, TECH. CELL(CIVIL)', 'BLACK L6170', '4740', 'PRATIMA NAIK (CAT-I)', 11111111, '2023-05-15'),
(6560, 'PR005', 'EPSON 001 Cyan L6170', 1, 'A. TEERTHA MALLAI', 'SO, TECH. CELL(CIVIL)', 'CYAN L6170', '4740', 'PRATIMA NAIK (CAT-I)', 11111111, '2023-05-15'),
(6561, 'PR004', 'EPSON 001 Magneta L6170', 1, 'A. TEERTHA MALLAI', 'SO, TECH. CELL(CIVIL)', 'MAGENTA L6170', '4740', 'PRATIMA NAIK (CAT-I)', 11111111, '2023-05-15'),
(6562, 'PR003', 'EPSON 001 Yellow L6170', 1, 'A. TEERTHA MALLAI', 'SO, TECH. CELL(CIVIL)', 'YELLOW L6170', '4740', 'PRATIMA NAIK (CAT-I)', 11111111, '2023-05-15'),
(6563, 'PR015', 'EPSON BLACK T6644(664) L405 INK', 1, 'P. K. MISHRA', 'SO, L & R', 'BLACK L405, T664 INK', '4740', 'NIKUNJA BIHARI PRADHAN', 11111111, '2023-05-15'),
(6564, 'PR014', 'EPSON CYAN T6644(664) L405 INK', 1, 'P. K. MISHRA', 'SO, L & R', 'CYAN L405, T664 INK', '4740', 'NIKUNJA BIHARI PRADHAN (CAT-I)', 11111111, '2023-05-15'),
(6565, 'PR013', 'EPSON MAGENTA T6643(664) L405 INK', 1, 'P. K. MISHRA', 'SO, L & R', 'MAGENTA L405, T664 INK', '4740', 'NIKUNJA BIHARI PRADHAN (CAT-I)', 11111111, '2023-05-15'),
(6566, 'PR012', 'EPSON YELLOW T6644(664) L405 INK', 1, 'P. K. MISHRA', 'SO, L & R', 'YELLOW L405, T664 INK', '4740', 'NIKUNJA BIHARI PRADHAN (CAT-I)', 11111111, '2023-05-15'),
(6567, 'HC011', 'ACER PC', 1, 'SUDEEP MAITI', 'SO, MINING', 'ACER PC(OLD)', '4740', 'P. K. PUROHIT (O.S)', 11111111, '2023-05-15'),
(6568, 'HC001', 'Keyboard', 1, 'RAJESH KU. SAHU', 'DESPATCH IN- CHARGE, DESPATCH', 'KEYBOARD (KB216-BK-ENG-INT)', '4733', 'TAPAS SARKAR (CAT-I)', 11111111, '2023-05-16'),
(6569, 'PR001', 'Brother Printer Cartridge B021/B2080W', 1, 'RAJESH KU. SAHU', 'DESPATCH IN- CHARGE, DESPATCH', 'B021/B2080W', '4733', 'TAPAS SARKAR (CAT-I)', 11111111, '2023-05-16'),
(6570, 'PR006', 'EPSON 001 Black L6170', 1, 'BIRANCHI DAS', 'APM, PERSONNEL ', 'BLACK L6170', '4740', 'SUCHITRA DEHURY (CAT-I)', 11111111, '2023-05-16'),
(6571, 'PR006', 'EPSON 001 Black L6170', 1, 'SHRDHANJALI NAYAK', 'DY. MANAGER, PERSONNEL', 'BLACK L6170', '4740', 'SUCHITRA DEHURY (CAT-I)', 11111111, '2023-05-16'),
(6572, 'SY002', 'Maintainance Box (Epson)', 1, 'A. TEERTHA MALLAI', 'SO, CIVIL', 'MAINTAINACE BOX', '4740', 'BABITA PRADHAN (CAT-I)', 11111111, '2023-05-17'),
(6573, 'PR006', 'EPSON 001 Black L6170', 1, 'A. TEERTHA MALLAI', 'SO, CIVIL', 'BLACK L6170', '4740', 'BABITA PRADHAN (CAT-I)', 11111111, '2023-05-17'),
(6574, 'PR023', 'RICHO 300 CARTRIDGE', 1, 'MANAS NAYAK', 'DY. MANAGER, FINANCE', 'RICHO 300 CARTRIDGE', '4740', 'MANDODARI PRADHAN(CAT-1)', 11111111, '2023-05-17'),
(6575, 'PR007', 'EPSON 005 Black 1170/3170', 1, 'MANAS NAYAK', 'DY. MANAGER, FINANCE', 'EPSON 005 BLACK 1170/3170', '4740', 'MANDODARI PRADHAN(CAT-1)', 11111111, '2023-05-17'),
(6576, 'PR006', 'EPSON 001 Black L6170', 1, 'S. VENKATESAN', 'COLLIERY MANAGER, MINING', 'BLACK L6170', '4733', 'RABIN KUMAR SAHOO (CAT-I)', 11111111, '2023-05-18'),
(6577, 'PR005', 'EPSON 001 Cyan L6170', 1, 'S. VENKATESAN', 'COLLIERY MANAGER, MINING', 'CYAN L6170', '4733', 'RABIN KUMAR SAHOO (CAT-I)', 11111111, '2023-05-18'),
(6578, 'PR004', 'EPSON 001 Magneta L6170', 1, 'S. VENKATESAN', 'COLLIERY MANAGER, MINING', 'MAGENTA L6170', '4733', 'RABIN KUMAR SAHOO (CAT-I)', 11111111, '2023-05-18'),
(6579, 'PR003', 'EPSON 001 Yellow L6170', 1, 'S. VENKATESAN', 'COLLIERY MANAGER, MINING', 'YELLOW L6170', '4733', 'RABIN KUMAR SAHOO (CAT-I)', 11111111, '2023-05-18'),
(6580, 'SY003', 'Small UPS Battery ', 1, 'S. VENKATESAN', 'COLLIERY MANAGER, MINING', 'UPS BATTERY', '4733', 'RABIN KUMAR SAHOO (CAT-I)', 11111111, '2023-05-18'),
(6581, 'PR006', 'EPSON 001 Black L6170', 1, 'TANMAYA NAIK', 'CAT-I, E&M', 'BLACK L6170', '4733', 'TANMAYA NAIK (CAT-1)', 11111111, '2023-05-18'),
(6582, 'PR006', 'EPSON 001 Black L6170', 1, 'SHRI H. C. DAS', 'PROJECT ENG. , EXCV.', 'L6170', '4734', 'NIRDESH PRADHAN', 11111111, '2023-05-20'),
(6583, 'HC011', 'ACER PC', 1, 'DR AK DASH', 'CMS & DIGITAL DISPENSARY', 'CPU - UXVQNSL778K2587851 MON - MMTCZSS0010220877F8524', '4749', 'Upendra Kumar Pradhan os', 95001601, '2023-05-20'),
(6584, 'PR001', 'Brother Printer Cartridge B021/B2080W', 1, 'KANTI BHUSAN CHOWDHURY ', 'GM(MN)  ', '', '4740', 'Subhashree Parida', 95001601, '2023-05-22'),
(6585, 'PR006', 'EPSON 001 Black L6170', 1, 'NARESH MIRIYALA', 'MANAGER (PERS)', '', '4740', 'ABHIPSA BIJAYALAXMI (CAT - 1)', 95001601, '2023-05-22'),
(6586, 'PR017', 'KYOCERA TK-7120  PRINTER CARTRIDGE', 1, 'G.K SWAIN', 'Depot OFFICER , RS', '', '4741', 'BINAYAK SAHOO , OS', 95001601, '2023-05-23'),
(6587, 'HC003', 'Wireless Mouse', 1, 'AKASH SAHOO', 'MT, SYSTEM', 'WIRELESS MOUSE', '4740', 'AKASH SAHOO', 11111111, '2023-05-25'),
(6588, 'PR006', 'EPSON 001 Black L6170', 1, 'DR. T. PANDA', 'DY. CMO,MEDICAL', 'BLACK L6170', '4740', 'DEBIPRIYA PRADHAN (CAT-1)', 11111111, '2023-05-25'),
(6589, 'PR005', 'EPSON 001 Cyan L6170', 1, 'DR. T. PANDA', 'DY. CMO,MEDICAL', 'CYAN L6170', '4740', 'DEBIPRIYA PRADHAN (CAT-1)', 11111111, '2023-05-25'),
(6590, 'PR003', 'EPSON 001 Yellow L6170', 1, 'DR. T. PANDA', 'DY. CMO,MEDICAL', 'YELLOW L6170', '4740', 'DEBIPRIYA PRADHAN (CAT-1)', 11111111, '2023-05-25'),
(6591, 'PR004', 'EPSON 001 Magneta L6170', 1, 'DR. T. PANDA', 'DY. CMO,MEDICAL', 'MAGENTA L6170', '4740', 'DEBIPRIYA PRADHAN (CAT-1)', 11111111, '2023-05-25'),
(6592, 'PR001', 'Brother Printer Cartridge B021/B2080W', 1, 'DEBENDRA PARIDA', 'AREA QUALITY', 'B021/B2080W', '4740', 'BABULA SAPNESWAR (CAT-I)', 11111111, '2023-05-25'),
(6593, 'PR001', 'Brother Printer Cartridge B021/B2080W', 1, 'U. K. TANTY', 'MANAGER (PERSONNEL)', 'B021/B2080W', '4732', 'SUSHANTA BISWAL (CAT-I)', 11111111, '2023-05-25'),
(6594, 'SY004', 'PENDRIVE 128GB', 1, 'R. K. DAS', 'COLLIERY MANAGER, MINING', 'PENDRIVE', '4734', 'SUNIL KU. BEHERA (CAT-I)', 11111111, '2023-05-25'),
(6595, 'SY003', 'Small UPS Battery ', 1, 'R. K. DAS', 'COLLIERY MANAGER, MINING', 'UPS BATTERY', '4734', 'SUNIL KU. BEHERA (CAT-I)', 11111111, '2023-05-25'),
(6596, 'HC010', 'PANTUM PRINTER M7108DW, M7100/M7200 SERIES', 1, 'DINESH KU. PANDA', 'MANAGER,FINANCE', 'PANTUM  M7108DW', '4732', 'CHINTAMANI BEHERA (ACC. CLERK)', 11111111, '2023-05-25'),
(6597, 'HC010', 'PANTUM PRINTER M7108DW, M7100/M7200 SERIES', 1, 'NNC BEHERA', 'CM E&M 132 KV SUB STATION', 'CN6Y002027', '4740', 'NNC BEHERA ', 95001601, '2023-05-25'),
(6598, 'HC010', 'PANTUM PRINTER M7108DW, M7100/M7200 SERIES', 1, 'ROHIT PRAKASH', 'SO, SYSTEM', 'PANTUM  M7108DW', '4740', 'AKASH SAHOO (MT)', 11111111, '2023-05-26'),
(6599, 'NW010', 'FACTORY CRIMPED PATCH CORD 2M', 1, 'ROHIT PRAKASH', 'SO, SYSTEM', 'PATCH CORD 2M', '4740', 'AKASH SAHOO (MT)', 11111111, '2023-05-26'),
(6600, 'PR003', 'EPSON 001 Yellow L6170', 1, 'S. BEHERA', 'SIDING IN CHARGE, COAL DESPATCH', 'CYAN L6170', '4733', 'BIBHUTI BHUSAN BEHERA (CLERK)', 11111111, '2023-05-26'),
(6601, 'PR005', 'EPSON 001 Cyan L6170', 1, 'S. BEHERA', 'SIDING IN CHARGE, COAL DESPATCH', 'CYAN L6170', '4733', 'BIBHUTI BHUSAN BEHERA (CLERK)', 11111111, '2023-05-26'),
(6602, 'PR004', 'EPSON 001 Magneta L6170', 1, 'S. BEHERA', 'SIDING IN CHARGE, COAL DESPATCH', 'MAGENTA L6170', '4733', 'BIBHUTI BHUSAN BEHERA (CLERK)', 11111111, '2023-05-26'),
(6603, 'PR001', 'Brother Printer Cartridge B021/B2080W', 1, 'DR. A.R.DAS', 'PERSONAL', '', '4749', 'U.K.PRADHAN', 11111111, '2023-05-27'),
(6604, 'SY002', 'Maintainance Box (Epson)', 1, 'DR. A.R.DAS', 'CMS NSCH', '', '4749', 'U.K PRADHAN', 95001601, '2023-05-27'),
(6605, 'HC002', 'USB Optical Mouse', 1, 'MANAS NAYAK', 'DY. MANAGER, FINANCE', '', '4740', 'MANDODARI PRADHAN(CAT-1)', 95001601, '2023-05-27'),
(6606, 'HC010', 'PANTUM PRINTER M7108DW, M7100/M7200 SERIES', 1, 'N.SATPATHY', 'SO.L&R', 'PANTUM  M7108DW(CN6Y002028)', '4740', 'SUDHIR KUMAR PANI(CLERK-GR-1)', 11111111, '2023-05-29'),
(6607, 'SY004', 'PENDRIVE 128GB', 1, 'N.SATPATHY', 'SO.L&R', 'PENDRIVE', '4740', 'SUDHIR KUMAR PANI(CLERK-GR-1)', 11111111, '2023-05-29'),
(6608, 'PR007', 'EPSON 005 Black 1170/3170', 1, 'S. K. RATHORE', 'SR. MINING ENG., COAL DESPATCH', 'BLACK M1170/3170', '4732', 'ARJUNA NAIK, (CAT-I)', 11111111, '2023-05-29'),
(6609, 'HC002', 'USB Optical Mouse', 1, 'MANAS NAYAK', 'DY.MANAGER, FINANCE', 'MOUSE', '4740', 'LIPI BEHERA (CAT-I)', 11111111, '2023-05-29'),
(6610, 'HC010', 'PANTUM PRINTER M7108DW, M7100/M7200 SERIES', 1, 'U. K. TANTY', 'MANAGER, PERSONNEL', 'PANTUM M7108DW, ', '4732', 'SIDDARTH PRASAD (CAT-I)', 11111111, '2023-05-31'),
(6611, 'HC010', 'PANTUM PRINTER M7108DW, M7100/M7200 SERIES', 1, 'MD. I.H. ANSARI', 'CHIEF MANAGER, E SURVEILLANCE &CONTROL ROOM', 'PANTUM M7108DW (CN6Y001987)', '4740', 'MISTER KUMAR JHA (JR. DEO)', 11111111, '2023-05-31'),
(6612, 'PR001', 'Brother Printer Cartridge B021/B2080W', 1, 'ANIL KUMAR SAHOO', 'dy manager & Personal ', '', '4733', 'SATYAJIT BEHERA (C-1)', 95001601, '2023-05-31'),
(6613, 'PR006', 'EPSON 001 Black L6170', 1, 'H. S. SALUNKE', 'SO, MINING', 'BLACKN L6170', '4740', 'P. K. PUROHIT (O.S)', 11111111, '2023-06-01'),
(6614, 'HC010', 'PANTUM PRINTER M7108DW, M7100/M7200 SERIES', 1, 'H. S. SALUNKE', 'SO, MINING', 'PANTUM M7108DW', '4740', 'P. K. PUROHIT (O.S)', 11111111, '2023-06-01'),
(6615, 'HC002', 'USB Optical Mouse', 1, 'P. K. SAHU', 'SO, MM', 'MOUSE', '4740', 'RAJESH SAHOO (STORE ISSUE CLERK)', 11111111, '2023-06-01'),
(6616, 'PR001', 'Brother Printer Cartridge B021/B2080W', 1, 'P. K. SAHU', 'SO, MM', 'B021/B2080W', '4740', 'RAJESH SAHOO (STORE ISSUE CLERK)', 11111111, '2023-06-01'),
(6617, 'NW006', 'FIBRE MEDIA CONVERTER', 1, 'AKASH SAHOO', 'MT, SYSTEM', '', '4740', 'AKASH SAHOO', 95001601, '2023-06-02'),
(6618, 'HC010', 'PANTUM PRINTER M7108DW, M7100/M7200 SERIES', 1, 'AKSHYA KUMAR DASH', 'PO JOCP ', 'PANTUM M7108DW (CN6Y001691)', '4732', 'PRAdeep kumar sahoo', 95001601, '2023-06-02'),
(6619, 'PR001', 'Brother Printer Cartridge B021/B2080W', 1, 'Sudeep Mondal', 'DY. MANAGER, E & M', '', '4740', 'rohan shrivastav (MT)', 95001601, '2023-06-03'),
(6620, 'HC010', 'PANTUM PRINTER M7108DW, M7100/M7200 SERIES', 1, 'RAHUL PANT', 'MT maRKETING aND SALES', 'PANTUM - CN6Y001971', '4740', 'RABINDRA KUMAR SAHOO', 95001601, '2023-06-03'),
(6621, 'SY003', 'Small UPS Battery ', 1, 'RAHUL PANT', 'MT maRKETING aND SALES', '', '4740', 'RABINDRA KUMAR SAHOO', 95001601, '2023-06-03'),
(6622, 'SY003', 'Small UPS Battery ', 2, 'dibakar majhi', 'staff officer (S & T)', '', '4740', 'Miramani BEHERA', 95001601, '2023-06-03'),
(6623, 'NW009', 'FACTORY CRIMPED PATCH CORD 5M', 2, 'GK SWAIN', 'DO CENTRAL STORE', '', '4741', 'MUNA GOCHHAYAT', 95001601, '2023-06-03'),
(6624, 'NW018', 'UNMANAGED SWITCH 16 PORTS', 1, 'AKASH SAHOO', 'MT SYSTEM', 'FOR REGIONAL STORE', '4740', 'AKASH SAHOO', 95001601, '2023-06-05'),
(6625, 'NW019', 'USB TO LAN (ETHERNET ADOPTER)', 1, 'AKASH SAHOO', 'MT SYSTEM', '', '4740', 'S.S.S KU MISHRA', 95001601, '2023-06-05'),
(6626, 'NW018', 'UNMANAGED SWITCH 16 PORTS', 1, 'AKASH SAHOO', 'MT, SYSTEM', 'UN SWITCH 16 PORTS', '4740', 'AKASH SAHOO (MT)', 11111111, '2023-06-05'),
(6627, 'NW019', 'USB TO LAN (ETHERNET ADOPTER)', 1, 'AKASH SAHOO', 'MT, SYSTEM', 'USB TO LAN', '4740', 'S. S. S. KU. MISHRA (SR. DEO)', 11111111, '2023-06-05'),
(6628, 'HC010', 'PANTUM PRINTER M7108DW, M7100/M7200 SERIES', 1, 'PREM CHANDAN KUMAR', 'DY. MANAGER, MINING', 'PANTUM PRINTER(CNY001917)', '4734', 'PREM CHANDAN KUMAR', 11111111, '2023-06-05'),
(6629, 'NW009', 'FACTORY CRIMPED PATCH CORD 5M', 1, 'SHRI JAY PRAKASH', 'SO, E&M', 'PATCH CORD 5M', '4740', 'PRAKASH CH. DAS (O.S)', 11111111, '2023-06-05'),
(6630, 'NW010', 'FACTORY CRIMPED PATCH CORD 2M', 1, 'SHRI JAY PRAKASH', 'SO, E&M', 'PATCH CORD 2M', '4740', 'PRAKASH CH. DAS (O.S)', 11111111, '2023-06-05'),
(6631, 'NW005', 'UNMANAGED SWITCH 05 PORTS', 1, 'SHRI JAY PRAKASH', 'DY. MANAGER, E&M', 'UN SWITCH PORTS 05 PORTS', '4740', 'PRAKASH CH. DAS (O.S)', 11111111, '2023-06-05'),
(6632, 'HC010', 'PANTUM PRINTER M7108DW, M7100/M7200 SERIES', 1, 'ARUP TRIPATHY', 'SR. OVERMAN, ERP', 'CNY002019', '4732', 'ARUP TRIPATHY ', 11111111, '2023-06-06'),
(6633, 'PR001', 'Brother Printer Cartridge B021/B2080W', 1, 'ANIL KU. SAHU', 'DY. MANAGER, PERSONNEL', 'B021/B2080W', '4733', 'HARMOHAN BEHERA (O.S)', 11111111, '2023-06-06'),
(6634, 'HC010', 'PANTUM PRINTER M7108DW, M7100/M7200 SERIES', 1, 'SAROJ KU. BEHERA', 'SR. OFFICER, FINANCE', 'PANTUM M7108DW, ', '4740', 'BISHNUPRIYA SAHOO (A/C CLERK)', 11111111, '2023-06-06');

-- --------------------------------------------------------

--
-- Table structure for table `login`
--

CREATE TABLE `login` (
  `Employe_id` int(10) NOT NULL,
  `Employe_Name` varchar(50) NOT NULL,
  `Password` varchar(30) NOT NULL
) ENGINE=InnoDB DEFAULT CHARSET=utf8mb4 COLLATE=utf8mb4_general_ci;

--
-- Dumping data for table `login`
--

INSERT INTO `login` (`Employe_id`, `Employe_Name`, `Password`) VALUES
(11111111, 'APARAJITA BISWAL', 'Yvaine@123'),
(95001601, 'AKASH SAHOO', 'Sahoo@123');

-- --------------------------------------------------------

--
-- Table structure for table `products`
--

CREATE TABLE `products` (
  `ProductId` varchar(10) NOT NULL,
  `ProductName` varchar(100) NOT NULL,
  `Available` int(10) NOT NULL,
  `LastPrice` decimal(10,3) NOT NULL,
  `UnitName` varchar(30) NOT NULL,
  `LastPriceDate` date DEFAULT NULL
) ENGINE=InnoDB DEFAULT CHARSET=utf8mb4 COLLATE=utf8mb4_general_ci;

--
-- Dumping data for table `products`
--

INSERT INTO `products` (`ProductId`, `ProductName`, `Available`, `LastPrice`, `UnitName`, `LastPriceDate`) VALUES
('HC001', 'Keyboard', 1, '700.000', 'EA', '2023-02-20'),
('HC002', 'USB Optical Mouse', 11, '300.000', 'EA', '2023-03-28'),
('HC003', 'Wireless Mouse', 4, '0.000', 'EA', '2023-02-18'),
('HC004', 'Wireless Keyboard', 2, '0.000', 'EA', '2023-02-18'),
('HC005', 'HP Desktop ', 1, '0.000', 'EA', '2023-04-27'),
('HC006', 'BROTHER PRINTER', 0, '0.000', 'EA', '2023-02-18'),
('HC007', 'SONY PROJECTOR VPL EX430', 1, '0.000', 'EA', '2023-02-18'),
('HC008', 'KYOCERA ECOSYS M2040dn', 0, '39500.000', 'EA', '2023-05-17'),
('HC009', 'HP COLOR LASER JET PRINTER', 0, '0.000', 'EA', '2023-05-08'),
('HC010', 'PANTUM PRINTER M7108DW, M7100/M7200 SERIES', 8, '22457.630', 'EA', '2023-05-17'),
('HC011', 'ACER PC', 0, '0.000', 'EA', '2023-05-15'),
('NW001', 'HDMI to HDMI Cable - 05m', 2, '0.000', 'EA', NULL),
('NW002', 'UNMANAGED SWITCH 24 PORTS', 6, '22881.350', 'EA', '2023-02-20'),
('NW003', 'MANAGED SWITCH 24 PORTS', 2, '0.000', 'EA', NULL),
('NW004', 'UNMANAGED SWITCH 8 PORTS', 8, '1500.000', 'EA', '2023-02-20'),
('NW005', 'UNMANAGED SWITCH 05 PORTS', 6, '800.000', 'EA', '2023-02-20'),
('NW006', 'FIBRE MEDIA CONVERTER', 8, '3898.300', 'EA', '2023-02-20'),
('NW007', 'FACTORY CRIMPED PATCH CORD 20M', 5, '0.000', 'EA', NULL),
('NW008', 'FACTORY CRIMPED PATCH CORD 10M', 29, '0.000', 'EA', NULL),
('NW009', 'FACTORY CRIMPED PATCH CORD 5M', 5, '0.000', 'EA', NULL),
('NW010', 'FACTORY CRIMPED PATCH CORD 2M', 1, '0.000', 'EA', NULL),
('NW011', 'FACTORY CRIMPED PATCH  CORD 1 mtr', 11, '300.000', 'EA', '2023-02-20'),
('NW012', 'EXTERNAL EXPANSION DRIVE (HARD DISC 5TB)', 8, '0.000', 'EA', NULL),
('NW013', 'RJ 45 CONNECTOR', 175, '0.000', 'METER', NULL),
('NW014', 'UTP CABLE CAT-6 ROLL 305M', 548, '12000.000', 'METER', '2023-02-20'),
('NW015', 'WEB CAM', 4, '0.000', 'EA', NULL),
('NW016', 'FIBRE OPTIC SL-LC PATCH CORD DUPLEX 3M', 3, '0.000', 'METER', '2023-02-28'),
('NW017', 'FACTORY CRIMPED PATCH CORD 3M', 3, '0.000', 'EA', '2023-04-08'),
('NW018', 'UNMANAGED SWITCH 16 PORTS', 9, '0.000', 'EA', '2023-06-05'),
('NW019', 'USB TO LAN (ETHERNET ADOPTER)', 0, '0.000', 'EA', '2023-06-05'),
('PR001', 'Brother Printer Cartridge B021/B2080W', 39, '1000.000', 'EA', '2023-02-18'),
('PR002', 'Brother Printer Drum', 45, '1400.000', 'EA', '2023-02-18'),
('PR003', 'EPSON 001 Yellow L6170', 20, '430.000', 'EA', '2023-05-17'),
('PR004', 'EPSON 001 Magneta L6170', 20, '430.000', 'EA', '2023-05-17'),
('PR005', 'EPSON 001 Cyan L6170', 20, '430.000', 'EA', '2023-05-17'),
('PR006', 'EPSON 001 Black L6170', 34, '598.210', 'EA', '2023-02-18'),
('PR007', 'EPSON 005 Black 1170/3170', 49, '650.000', 'EA', '2023-05-17'),
('PR008', 'HP  410X Black Cartridge', 1, '11000.000', 'EA', '2023-02-18'),
('PR009', 'HP  410X CYAN Cartridge', 3, '0.000', 'EA', '2023-02-18'),
('PR010', 'HP  410X Yellow Cartridge', 3, '0.000', 'EA', NULL),
('PR011', 'HP  410X Magenta Cartridge', 3, '0.000', 'EA', NULL),
('PR012', 'EPSON YELLOW T6644(664) L405 INK', 4, '450.000', 'EA', '2023-02-18'),
('PR013', 'EPSON MAGENTA T6643(664) L405 INK', 5, '450.000', 'EA', '2023-02-18'),
('PR014', 'EPSON CYAN T6644(664) L405 INK', 5, '450.000', 'EA', '2023-02-18'),
('PR015', 'EPSON BLACK T6644(664) L405 INK', 29, '450.000', 'EA', '2023-02-18'),
('PR016', 'LMP TALLY 6605/6610/6615 PRINTER RIBBON', 5, '3600.000', 'EA', '2023-02-18'),
('PR017', 'KYOCERA TK-7120  PRINTER CARTRIDGE', 9, '7960.580', 'EA', '2023-05-23'),
('PR018', 'SAMSUNG 775 ND MAGENTA TONER ', 0, '0.000', 'EA', NULL),
('PR019', 'SAMSUNG 775 ND YELLOW TONER', 0, '0.000', 'EA', NULL),
('PR020', 'SAMSUNG 775 ND CYAN TONER', 0, '0.000', 'EA', NULL),
('PR021', 'SAMSUNG 775ND BLACK TONER', 0, '0.000', 'EA', NULL),
('PR022', 'SAMSUNG PRO XPRESS M3320 203S Cartridge', 0, '0.000', 'EA', '2023-03-09'),
('PR023', 'RICHO 300 CARTRIDGE', 57, '0.000', 'EA', '2023-03-14'),
('PR024', 'MSP LQ1050/MSP 335 PRINTER RIBBON', 16, '0.000', 'EA', '2023-03-16'),
('PR025', 'HP DESIGNJET T830 728 YELLOW INK CARTRIDGE', 3, '0.000', 'EA', '2023-03-21'),
('PR026', 'HP DESIGNJET T830 728 MAGENTA INK CARTRIDGE', 3, '0.000', 'EA', '2023-03-21'),
('PR027', 'HP DESIGNJET T830 728 CYAN INK CARTRIDGE', 3, '0.000', 'EA', '2023-03-21'),
('PR028', 'HP DESIGNJET T830 728 BLACK INK CARTRIDGE', 2, '0.000', 'EA', '2023-03-21'),
('PR029', 'BT D60 BK INK(Brother) T910W BLACK 5000', 18, '0.000', 'EA', '2023-04-01'),
('PR030', 'BT D60 BK INK(Brother) T910W YELLOW 5000', 2, '0.000', 'EA', '2023-04-01'),
('PR031', 'BT D60 BK INK(Brother) T910W CYAN 5000', 2, '0.000', 'EA', '2023-04-01'),
('PR032', 'BT D60 BK INK(Brother) T910W MAGENTA 5000', 2, '0.000', 'EA', '2023-04-01'),
('SY001', '10x12x3 PAPER ', 43000, '1580.000', '1000 sheet', '2023-02-25'),
('SY002', 'Maintainance Box (Epson)', 11, '720.000', 'EA', '2023-05-17'),
('SY003', 'Small UPS Battery ', 17, '851.000', 'EA', '2023-02-20'),
('SY004', 'PENDRIVE 128GB', 13, '1398.000', 'EA', '2023-02-20'),
('SY005', 'PENDRIVE 64 GB', 0, '1398.000', 'EA', '2023-02-20'),
('SY006', '15x12x1 PAPER', 0, '1000.000', '1000 sheet', '2023-02-18'),
('SY007', '15x12x2 PAPER', 4000, '1100.000', '1000 sheet', '2023-02-18'),
('SY008', '15x12x3 PAPER', 14500, '2490.000', '1000 sheet', '2023-02-18'),
('SY009', '10x12x1 PAPER', 5000, '0.000', '1000 sheet', '2023-02-18'),
('SY010', '10x12x2 PAPER', 5000, '0.000', '1000 sheet', '2023-02-18'),
('SY011', 'CD R', 61, '0.000', 'EA', '2023-03-27'),
('SY012', 'CD R W', 84, '0.000', 'EA', '2023-03-28');

-- --------------------------------------------------------

--
-- Table structure for table `receipt`
--

CREATE TABLE `receipt` (
  `Sl` int(10) NOT NULL,
  `Code` varchar(10) NOT NULL,
  `ProductName` varchar(100) NOT NULL,
  `Amount` int(10) NOT NULL,
  `Description` varchar(1000) NOT NULL,
  `Date` date NOT NULL
) ENGINE=InnoDB DEFAULT CHARSET=utf8mb4 COLLATE=utf8mb4_general_ci;

--
-- Dumping data for table `receipt`
--

INSERT INTO `receipt` (`Sl`, `Code`, `ProductName`, `Amount`, `Description`, `Date`) VALUES
(99, 'PR008', 'HP  410X Black Cartridge', 2, 'Received From Regional Store ', '2023-01-24'),
(100, 'SY001', '12x10x3 Paper ', 250, 'PAPER RECEIVED FOR QUALITY TEST FROM R/STORE JAGANNATH AREA', '2023-01-25'),
(101, 'PR016', 'LMP TALLY 6605/6610/6615 PRINTER RIBBON', 2, 'Received from Regional Store JA ', '2023-02-08'),
(102, 'PR016', 'LMP TALLY 6605/6610/6615 PRINTER RIBBON', -2, 'Entered item does not belong to this Product Code', '2023-02-08'),
(103, 'PR017', 'KYOCERA TK-7120  PRINTER CARTRIDGE', 2, 'Received from Regional Store JA', '2023-02-08'),
(104, 'SY001', '10x12x3 PAPER ', 50000, 'Received from Regional Store JA', '2023-02-25'),
(105, 'PR016', 'LMP TALLY 6605/6610/6615 PRINTER RIBBON', 10, 'Received From Regional Store JA', '2023-02-28'),
(106, 'HC002', 'USB Optical Mouse', 20, 'Received from Regional store JA', '2023-03-14'),
(107, 'SY008', '15x12x3 PAPER', 250, 'Received From Regional Store', '2023-03-14'),
(108, 'SY006', '15x12x1 PAPER', 1000, 'Received From Regional Store', '2023-03-14'),
(109, 'SY010', '10x12x2 PAPER', 1000, 'Received From Regional Store', '2023-03-14'),
(110, 'HC008', 'KYOCERA ECOSYS M2040dn', 10, 'Received From Regional Store ', '2023-04-11'),
(111, 'PR003', 'EPSON 001 Yellow L6170', 30, 'Received from Regional Store JA', '2023-04-20'),
(112, 'PR005', 'EPSON 001 Cyan L6170', 30, 'Received from Regional Store JA', '2023-04-20'),
(113, 'PR006', 'EPSON 001 Black L6170', 30, 'Received from Regional Store JA', '2023-04-20'),
(114, 'PR004', 'EPSON 001 Magneta L6170', 30, 'Received from Regional Store JA', '2023-04-20'),
(116, 'PR006', 'EPSON 001 Black L6170', 30, 'Received from Regional Store JA', '2023-04-20'),
(117, 'PR007', 'EPSON 005 Black 1170/3170', 30, 'Received  from Regional Store JA', '2023-04-20'),
(120, 'SY002', 'Maintainance Box (Epson)', 16, 'Received from Regional Store JA', '2023-04-20'),
(123, 'HC010', 'PANTUM PRINTER M7108DW, M7100/M7200 SERIES', 20, 'RECEIVED FROM REGIONAL STORE', '2023-05-13'),
(124, 'HC011', 'ACER PC', 2, 'RECEIVED FROM MINING DEPT (OLD ACER PC)', '2023-05-15'),
(125, 'PR017', 'KYOCERA TK-7120  PRINTER CARTRIDGE', 10, 'Received from Regional Store ', '2023-05-23'),
(126, 'NW019', 'USB TO LAN (ETHERNET ADOPTER)', 1, 'RECIVED', '2023-06-05');

--
-- Indexes for dumped tables
--

--
-- Indexes for table `issue`
--
ALTER TABLE `issue`
  ADD PRIMARY KEY (`ReferenceNo`);

--
-- Indexes for table `login`
--
ALTER TABLE `login`
  ADD PRIMARY KEY (`Employe_id`);

--
-- Indexes for table `products`
--
ALTER TABLE `products`
  ADD PRIMARY KEY (`ProductId`);

--
-- Indexes for table `receipt`
--
ALTER TABLE `receipt`
  ADD PRIMARY KEY (`Sl`);

--
-- AUTO_INCREMENT for dumped tables
--

--
-- AUTO_INCREMENT for table `issue`
--
ALTER TABLE `issue`
  MODIFY `ReferenceNo` int(10) NOT NULL AUTO_INCREMENT, AUTO_INCREMENT=6635;

--
-- AUTO_INCREMENT for table `receipt`
--
ALTER TABLE `receipt`
  MODIFY `Sl` int(10) NOT NULL AUTO_INCREMENT, AUTO_INCREMENT=127;
COMMIT;

/*!40101 SET CHARACTER_SET_CLIENT=@OLD_CHARACTER_SET_CLIENT */;
/*!40101 SET CHARACTER_SET_RESULTS=@OLD_CHARACTER_SET_RESULTS */;
/*!40101 SET COLLATION_CONNECTION=@OLD_COLLATION_CONNECTION */;
